{
	"parent": "item/generated",
    "textures": {
        "layer0": "item/iron_nugget"
	},
    "overrides": [
      { "predicate": {"custom_model_data": 1}, "model": "minecraft:block/type/oak_left"},
      { "predicate": {"custom_model_data": 2}, "model": "minecraft:block/type/oak_right"},
      { "predicate": {"custom_model_data": 3}, "model": "minecraft:block/type/spruce_left"},
      { "predicate": {"custom_model_data": 4}, "model": "minecraft:block/type/spruce_right"},
      { "predicate": {"custom_model_data": 5}, "model": "minecraft:block/type/birch_left"},
      { "predicate": {"custom_model_data": 6}, "model": "minecraft:block/type/birch_right"},
      { "predicate": {"custom_model_data": 7}, "model": "minecraft:block/type/jungle_left"},
      { "predicate": {"custom_model_data": 8}, "model": "minecraft:block/type/jungle_right"},
      { "predicate": {"custom_model_data": 9}, "model": "minecraft:block/type/acacia_left"},
      { "predicate": {"custom_model_data": 10}, "model": "minecraft:block/type/acacia_right"},
      { "predicate": {"custom_model_data": 11}, "model": "minecraft:block/type/dark_oak_left"},
      { "predicate": {"custom_model_data": 12}, "model": "minecraft:block/type/dark_oak_right"},
      { "predicate": {"custom_model_data": 13}, "model": "minecraft:block/type/crimson_left"},
      { "predicate": {"custom_model_data": 14}, "model": "minecraft:block/type/crimson_right"},
      { "predicate": {"custom_model_data": 15}, "model": "minecraft:block/type/warped_left"},
      { "predicate": {"custom_model_data": 16}, "model": "minecraft:block/type/warped_right"},
      { "predicate": {"custom_model_data": 17}, "model": "minecraft:block/type/iron_left"},
      { "predicate": {"custom_model_data": 18}, "model": "minecraft:block/type/iron_right"},
	    { "predicate": {"custom_model_data": 19}, "model": "minecraft:block/type/cherry_left"},
      { "predicate": {"custom_model_data": 20}, "model": "minecraft:block/type/cherry_right"},
      { "predicate": {"custom_model_data": 21}, "model": "minecraft:block/type/mangrove_left"},
      { "predicate": {"custom_model_data": 22}, "model": "minecraft:block/type/mangrove_right"},
      { "predicate": {"custom_model_data": 23}, "model": "minecraft:block/type/bamboo_left"},
      { "predicate": {"custom_model_data": 24}, "model": "minecraft:block/type/bamboo_right"},
      { "predicate": {"custom_model_data": 25}, "model": "minecraft:block/type/copper_left"},
      { "predicate": {"custom_model_data": 26}, "model": "minecraft:block/type/copper_right"},
      { "predicate": {"custom_model_data": 27}, "model": "minecraft:block/type/exposed_copper_left"},
      { "predicate": {"custom_model_data": 28}, "model": "minecraft:block/type/exposed_copper_right"},
      { "predicate": {"custom_model_data": 29}, "model": "minecraft:block/type/oxidized_copper_left"},
      { "predicate": {"custom_model_data": 30}, "model": "minecraft:block/type/oxidized_copper_right"},
      { "predicate": {"custom_model_data": 31}, "model": "minecraft:block/type/weathered_copper_left"},
      { "predicate": {"custom_model_data": 32}, "model": "minecraft:block/type/weathered_copper_right"}

    ]
}